user_id,full_name,user_email,user_pwd,user_verificationCode,is_verified,is_signup,is_eligible,is_validate,msg
74738,dani brahim,dani-brahim74738@gmail.com,$2y$10$7eS7dlEkFvsuc55CmCm5wOOkm9Lgklnz2PNtyfuYUwQm6YnQkTev6,b014f6b8aaf0e54a7a863ebf1e393029,FALSE,FALSE,0,0,
224717,ait-bella saadia,ait-bella-saadia224717@gmail.com,$2y$10$rtf.vh6STK7us0wnXKODJ.zaxSFZUjpWqDwmp6jzd1gaFPF7AJMK6,96d018ba0b8b74e6858048c71692077b,FALSE,TRUE,1,1,
273296,bohboh hanane,bohboh-hanane273296@gmail.com,$2y$10$FwY9x7U2galJ5cNosfbyK.AO5JeNx01hgHWLKdRsaEtxTkFnKy2lu,0c93f4c4add50db37f38108337b6972f,FALSE,TRUE,2,0,La CIN est expire
86700,ait-bella saadia,ait-bella-saadia86700@gmail.com,$2y$10$jCP9ZQQHm/he0jAIAuvgj.RJ3PUhZZbvJuaUFfwp1xfm.qCsmvbve,e897d72e5bfcfd43d62c5bfb5d9e2343,FALSE,TRUE,2,0,La date de votre baccalaureat n'est pas accepte
59145,sawando fatima,sawando-fatima59145@gmail.com,$2y$10$285mOhE.fWfqPDum0DDsnuXC22EenINDQSo0yU09Z48P5WuaLnX5W,e942cc540e5762794430b1092e15bea1,FALSE,FALSE,0,0,
795126,boughal ali,boughal-ali795126@gmail.com,$2y$10$3ZVxA9Pl/WgDjslB4ZLQqOWZ.IqZJ2Co7NFEi2uAz26dT1TWvEDWG,de7a433debe4d0c53800e1ecdc2ac13a,FALSE,FALSE,0,0,
139521,farfaoua mohamed,farfaoua-mohamed139521@gmail.com,$2y$10$uN9UZ.1siK7clZZxEDyYEOlgtJIDl654Lo1u0Pf.5IEu9VRCqeVdG,e2f58a46750a9a410a09756966d37c15,FALSE,TRUE,2,0,La CIN est expire
597391,boughal ali,boughal-ali597391@gmail.com,$2y$10$Gb57pUXOK0Cljm1g9KnYyewHREPaOTF0Cc3RPkNa0gBUo6XkMdbsK,f52296a54e0393d2aacd8f5809020939,TRUE,FALSE,0,0,
275737,laachari ousamma,laachari-ousamma275737@gmail.com,$2y$10$AYJW5k..5MbEkIoPuAiLxeWWHbqkPzMHhuFvxQ0tyjOoqRewVsKIm,18e3bf70971833e52eb28c29af024725,FALSE,FALSE,0,0,
487600,farfaoua mohamed,farfaoua-mohamed487600@gmail.com,$2y$10$w.g6aXXcljNmdRbC8C8EROphlEEgTZrYWf7BSwQHR.wdeD2eWeeyO,d024b2378254e9568f35762c70c15b1b,FALSE,TRUE,1,1,
894542,sefrioui karim,sefrioui-karim894542@gmail.com,$2y$10$guuEruvs8oMulLyMzZ4sjepW/YMriJr8Ac7KM4jqhPsR/apuO.5PG,b7a9077500d83312918eea13edec06c5,FALSE,FALSE,0,0,
246016,dani brahim,dani-brahim246016@gmail.com,$2y$10$oD6zdSUl5kngxlzpZlybrOZKo0Wo9v7Qx1KXAtsNmbq3tS45oq49C,b593c5967c488ecd7b723b2c33e60b69,FALSE,FALSE,0,0,
760827,bohboh hanane,bohboh-hanane760827@gmail.com,$2y$10$ekYBWJ78zZHXEeenv3ww5.yHSJ8rVutk3cGMXgyQFv5Cuo.1q3cua,fa7fe635f47d200df3c37417c616bb46,TRUE,FALSE,0,0,
124263,dani brahim,dani-brahim124263@gmail.com,$2y$10$EjB/.BS0q3sS3zhRhpIJg.0v34WZcwP7BqJMiVqDfjciDdWoa0rDa,4ea8365f2101374227f533bb74041df1,FALSE,TRUE,1,1,
676699,ait-cheikh souad,ait-cheikh-souad676699@gmail.com,$2y$10$GHYfLfGd4qPIH7mlEfzaQeMQC6uWJk8hzABLijpDRcJzalbc77R26,32ab2a4ff4029fe84d3a1515bbb8b811,FALSE,FALSE,0,0,
961308,ait-cheikh souad,ait-cheikh-souad961308@gmail.com,$2y$10$j0jZ0Uuf5GOX91I3bW65duR1LWJpeGqosL7XilcEKdkW3M8dJsI46,4311563e8cfa6236cb0e3b52bb938d86,TRUE,FALSE,0,0,
361117,ait-ouali meryem,ait-ouali-meryem361117@gmail.com,$2y$10$0lp7WebuBHWPaEAyrmjrhu/jAqTsM1I51S4uKBHs5xfiZEDcwGJo.,2b327e5365297936fd3df9c465550cce,FALSE,TRUE,0,0,La CIN est expire
494069,boughal ali,boughal-ali494069@gmail.com,$2y$10$CKKAKvI3/sXW42GcLLkI1.IXJ0VZFP2zdReMd.Wcac9F12XO75ZQq,b34f9d8ea15c7b87bc4258f0135dbf4c,TRUE,FALSE,0,0,
149712,farfaoua mohamed,farfaoua-mohamed149712@gmail.com,$2y$10$ZWSuLbC2F289E5IM1pqSKuaoXbKjLM5a1GXbBhBljTMGFdZ.Zsg/O,c1a9ca8faf5ef72e58c6061c2868249e,TRUE,FALSE,0,0,
810505,boughal ali,boughal-ali810505@gmail.com,$2y$10$tmItRJDyAAUdS0UfDftg/uYr5hGnXWBEZXOqqMjV21JTRk9nRnWju,837235110004b148e8f2fb790774bc19,FALSE,TRUE,1,1,
379640,boughal ali,boughal-ali379640@gmail.com,$2y$10$hLZn321U5h4sY.fNhC2JEOT7ESVmNDqTZSJtm3y6eITiIXymj1tzK,1214ff7d95e389e16832979957a46efd,FALSE,TRUE,2,0,La date de votre baccalaureat n'est pas accepte
867659,laachari ousamma,laachari-ousamma867659@gmail.com,$2y$10$Zw9AXIyjJfFixWDXEuKMnuAvskk.3P17DhaHiamL90NaTyIYGE6Ai,ddce64958a2e4e356386b99954101727,FALSE,TRUE,1,1,
383088,sawando fatima,sawando-fatima383088@gmail.com,$2y$10$St992szf7DZH7m.5gdET8uLOnp0mtietX/ksROYy9NVs.fAP3KFxC,ce1617d401ed2835b2ef9613a0470cad,TRUE,TRUE,1,1,
453149,bohboh hanane,bohboh-hanane453149@gmail.com,$2y$10$tDNeQLq/rWpbqMmXeFOmFubsuJa5lrGn.Km1099XosX8uqwxzY2Fa,6ace6bb95731c675941142773c18cd68,TRUE,TRUE,0,0,La CIN est expire
128139,bohboh hanane,bohboh-hanane128139@gmail.com,$2y$10$5CrAvtwsDq1qpB9Su8a2x.UFPRnVptnrNFEeEAh73Nb/1QTp1d.0S,fdb60ee77a6dd86d7f8e891c6029c5ce,FALSE,TRUE,0,0,Les documents importes sont invisibles
738460,sefrioui karim,sefrioui-karim738460@gmail.com,$2y$10$ciJevHDAbfgV.dzyXlW/OeMWofVYATZ3g0nuOIvWMNiw.z2V3dLTu,68868340aba42591c5a02c2cc1cda071,FALSE,TRUE,0,0,La CIN est expire
540634,dani brahim,dani-brahim540634@gmail.com,$2y$10$kqDfD4zfA3Ajo7EswZEDZ.NmVNJ1UUNJWQCwDbtSW0kYkxgN.jdlK,924e74196cd60727687186661b25eabb,TRUE,FALSE,0,0,
898112,sefrioui karim,sefrioui-karim898112@gmail.com,$2y$10$0yPZ108zBPfJQDqEz9fyuuJ6vP6bMu/tERFdGmT5cCi4d9Q3UeMl2,6494a16ff3088ee0c9185f4d1affe90d,TRUE,TRUE,2,0,La CIN est expire
741298,ait-ali amine,ait-ali-amine741298@gmail.com,$2y$10$Jc8XcKqQl/oTwBjIz.1mQuo6pX01CXUNN5Bw9/fgQQ80Y0lf9roDa,7fe94e5a4ffc0d2aa470e34d493507f4,FALSE,FALSE,0,0,
26617,ait-ouali meryem,ait-ouali-meryem26617@gmail.com,$2y$10$EN/JVH.GnaZRxj0EjCdDlOkJ2a8xz588a6heihvIeHJ6rEzT5zRsa,d5c41a8daa5ac14515c16b2017dd2da3,FALSE,TRUE,1,1,
454065,sawando fatima,sawando-fatima454065@gmail.com,$2y$10$FzZWQLXYCLXuGDYIlyuZtu1Mosb.Q/ggE.RzDo.4qfO93RqMis7vS,8608b30fce1559a4a8e982ae90a7b80f,FALSE,TRUE,0,0,La date de votre baccalaureat n'est pas accepte
655613,wakaha ahmed,wakaha-ahmed655613@gmail.com,$2y$10$Y9wZYz3vHgx7wWL0PGoHp.vIEtlunTcwPGOAvIpdAzzf2GEea8DXW,57da85af34cd49624a90174dfd7cbc31,TRUE,TRUE,2,0,La CIN est expire
299478,ait-cheikh souad,ait-cheikh-souad299478@gmail.com,$2y$10$kI9sE3CNlRYFfYovOBkNG.mNJQalyDsLru.sdLtGc62QSdbXeYvpq,d793ec00e1b284a73b9ba654b5d4bc57,FALSE,TRUE,0,0,Les documents importes sont invisibles
973880,ait-ali amine,ait-ali-amine973880@gmail.com,$2y$10$GjiNsPwHL3gTiAwFioFkduZ5w.K8WrHoQvtN3hKbWV4ri/bizsXwW,1d2519e9123dfc6a336690276e5a9ae1,FALSE,FALSE,0,0,
580212,ait-ali amine,ait-ali-amine580212@gmail.com,$2y$10$OCm8muuKv261MLiDxScLE.xrxTMySefGTL5u0WFv8wyVHbH9S9eMK,bdcc75432a533c23b516ef94e1eb8720,TRUE,TRUE,0,0,Les documents importes sont invisibles
748805,ait-ali amine,ait-ali-amine748805@gmail.com,$2y$10$D3w5eF.q6Q5tV1uywI0chOAP9c/osJBC3M25yrLRqCG09JRqijwuK,87a68bded59e3b81b2256a376cf3a282,FALSE,FALSE,0,0,
579724,bohboh hanane,bohboh-hanane579724@gmail.com,$2y$10$7kYVU96gKMa4BRWytYoiZurTcb8eseemOiyEsFVRtOHhHGtdKi5k6,75cf223ca5934e68ecfc942ac24683bf,FALSE,TRUE,0,0,Les documents importes sont invisibles
867445,dani brahim,dani-brahim867445@gmail.com,$2y$10$seM1UHf5Q1uPx.OKzFfOueRg4BUXrAiW0ef7OXBfPDdGzMxriyBdC,cb8102c1a5a8eb48e2b9f6480329fcd0,FALSE,TRUE,1,1,
180746,ait-bella saadia,ait-bella-saadia180746@gmail.com,$2y$10$QQo8hC.aOm5z6pj4vwPQWeR1njsyqssh/LCMpbAbjsasBjSm7Rf7y,db2cbf38a3791b6d509cb49c3d223955,FALSE,FALSE,0,0,
426662,boughal ali,boughal-ali426662@gmail.com,$2y$10$EGVg50dLfGHZaHMdtQEZPOKsiVJcnFAKvBuNPOwJAeJQrNelzJLAu,f76249c6740948078526c1de7d2c1cb8,FALSE,FALSE,0,0,
414182,bohboh hanane,bohboh-hanane414182@gmail.com,$2y$10$fyFf4KhBm4U7xO.u3tnu9evp59ETTHliWTGQeUjRraGoJLGZXBn7C,2ac30128fa0d86eab783ef2893688608,FALSE,FALSE,0,0,
140863,ait-ouali meryem,ait-ouali-meryem140863@gmail.com,$2y$10$gzUGOzZNMcoUgKMoabhaLuOgkq1aAUj2liNmYaVJKJDLzTcUmFFMO,0031eea2f22899d9dd01582fa5b5206f,FALSE,TRUE,1,1,
974521,dani brahim,dani-brahim974521@gmail.com,$2y$10$BAyUmEXPDlMLFc.3gJffLu2d.iM6jqCv3kOPNk5hqs5OTQVnGLCOS,e6361b85e890e14e231720dc25f89625,FALSE,FALSE,0,0,
200641,laachari ousamma,laachari-ousamma200641@gmail.com,$2y$10$AuPkSDM.IvQeL9w1QVlg7Ouc8yMb8bxE64EdL6dnoDFTUrtQKCVkW,d83d8841b381aad8640d862e035770d1,FALSE,FALSE,0,0,
307412,ait-ali amine,ait-ali-amine307412@gmail.com,$2y$10$m6NnHxTsvyWeqC.kfFqxXOnAtkZesCjY/9Q9nW0H/Ap.fMH/NmWD6,ceb695c65998a34415a6eeb10362c26a,TRUE,TRUE,2,0,La date de votre baccalaureat n'est pas accepte
545822,dani brahim,dani-brahim545822@gmail.com,$2y$10$oG.fj0lzpoIiNBQCbY7EC.rMXM92eo/MPIy/FnEYrZpKQ6W4VRI3a,5a7840dbda03f9547c4ac98ce472ad99,FALSE,TRUE,0,0,La CIN est expire
231430,ait-ali amine,ait-ali-amine231430@gmail.com,$2y$10$/hT/AZiR12anF2VruXOC8.TRlWmmqLJFklK/t52Wkw7/n9SMiZtHm,6470ffacdcd65163f02e638c1e27a366,TRUE,TRUE,1,1,
776054,ait-ouali meryem,ait-ouali-meryem776054@gmail.com,$2y$10$MToyXSf1lj2BsvAOU2K7WexyvnrmfrMUbFdjIMkZXaaq.hLOtICiW,4b5b451b471fe54423c850a0ea4370f8,TRUE,TRUE,0,0,Les documents importes sont invisibles
404417,ait-cheikh souad,ait-cheikh-souad404417@gmail.com,$2y$10$XCZVMN63InVjMhiWncE2f.2JFZK5YP.3ct51ti1T4Ija8wSrrVkMS,65add4573d829e6aefd5dfb68ca95719,FALSE,TRUE,2,0,La date de votre baccalaureat n'est pas accepte
346104,ait-bella saadia,ait-bella-saadia346104@gmail.com,$2y$10$bGL5ECwdyC.qjQES//Q9JeIw2cZXMUZlq7haHw2jhlEq6UaAFGSni,22f4d219a59f12b9953479ee1288a1b8,FALSE,TRUE,1,1,
701294,bohboh hanane,bohboh-hanane701294@gmail.com,$2y$10$iakqNzcntcejQersIQOCVugW3MqqAGTQwSiDrP.sIPq1JcpgI3Ipu,e12964f13e78a74f40194cf458835728,TRUE,TRUE,1,1,
486227,bohboh hanane,bohboh-hanane486227@gmail.com,$2y$10$RBoei3DSEslI78pW3ASZn.JK0nYFwBwRgBpf2QMS16eT06wBCv2Nm,a7198c7739ffe1ad570b9c038a26ec4a,TRUE,FALSE,0,0,
462029,farfaoua mohamed,farfaoua-mohamed462029@gmail.com,$2y$10$NQ41Y3xEp10orJaoQ1/w0ehn/3R66WNHhWYaYnW44/xFzGDdtTPl2,54e78f8a5f326f9de1d02841945e8f64,TRUE,TRUE,1,1,
97563,bohboh hanane,bohboh-hanane97563@gmail.com,$2y$10$tHA6uabRNsDep2pE.zpHyuqLf.FjnYm0nsI.1IhkadH0oric6Vk6.,12ff06078f82ee530d2d96c5b08885fe,FALSE,TRUE,2,0,La CIN est expire
919045,bohboh hanane,bohboh-hanane919045@gmail.com,$2y$10$QPA3gezOhwWkCKxuYsZBeOURV2ByoykeZzwBWNHRjnR77VLiXUx1u,b95357620332fe8665732e02cfc2746f,FALSE,TRUE,2,0,La date de votre baccalaureat n'est pas accepte
404112,farfaoua mohamed,farfaoua-mohamed404112@gmail.com,$2y$10$lQjmJipEaaaJZOJoOpUmme0h5l2CPPEswqTTTNY/.unND4jD1om3S,bde128317ef0500a4d4d8c92fd0d01dd,TRUE,TRUE,0,0,La date de votre baccalaureat n'est pas accepte
170279,ait-ali amine,ait-ali-amine170279@gmail.com,$2y$10$4zHPyuGQlilkTdhoc9oYROVVcjkrCHdZOLhxkYTucMgbwd95SghGK,53e8dc546137018aa62e047fd1e59218,FALSE,TRUE,1,1,
414152,boughal ali,boughal-ali414152@gmail.com,$2y$10$fOViCCwJ8UbA.UKp5GfQfuhrccqGyeRA0nuFIIB0X6qEl0NRyCa8S,7582d6cabb1c242050b654821397a9f0,TRUE,FALSE,0,0,
492238,farfaoua mohamed,farfaoua-mohamed492238@gmail.com,$2y$10$pfflRUtOdRTcjrOf5bAHXO8bDGbxtlwUsa4usG26Ev2P3R5KtFP0C,a5c11ddf00edc3c49f883c4bc9712483,FALSE,TRUE,0,0,La date de votre baccalaureat n'est pas accepte
753473,boughal ali,boughal-ali753473@gmail.com,$2y$10$PhAISHaf8o/vBKa7Pz0n3OjFdFR05aTtUaa5sfHVZY5xZ0oF49c.e,bc347a6f6d0e64111e809870e4113376,TRUE,FALSE,0,0,
813984,dani brahim,dani-brahim813984@gmail.com,$2y$10$q0Jf.ZNqbpxPkD3KfVWGHedgQMhcUNsRBY6ZpTHjWVuz7hEqZ.B6e,27272471be0cbeb48ab082bfb907890f,FALSE,TRUE,2,0,La CIN est expire
561598,laachari ousamma,laachari-ousamma561598@gmail.com,$2y$10$yLokf4sXzTGmcUfd8Chqt.GpL4ISz4PZ1wekJy4kNKEmIwIK2MqeC,4dc15a0460bb635753f496459b400401,FALSE,FALSE,0,0,
479544,laachari ousamma,laachari-ousamma479544@gmail.com,$2y$10$k3fbZSrFgQoVOL0MX0JVJ.1juInuuMRyH5nAhvpg5VE1dag/rKljO,d9663e409ced6f5a8be7614c4a90a701,FALSE,TRUE,1,1,
691193,wakaha ahmed,wakaha-ahmed691193@gmail.com,$2y$10$9Zor/zeD76q9aIarOmpk8eYNFultTob4ywAjp9h0zDBK0G28jANSa,18f2fa9743cfad87b9dfd79207cd824b,TRUE,FALSE,0,0,
41691,wakaha ahmed,wakaha-ahmed41691@gmail.com,$2y$10$nK8JNvVvD656ZXpNUiKOD.XNq6WY7GxI9gaJifMDLZlBk0IPj04AK,f68d0f2ede0595c4f3b7932f082c7375,TRUE,FALSE,0,0,
801595,bohboh hanane,bohboh-hanane801595@gmail.com,$2y$10$SsRwe5sLsZaBzv/eTdCXCujCoIW7BqpjTig6oSrr1Iwd1ojIvzS/a,13746f516a7390297ee2e1ed69a9f372,TRUE,TRUE,2,0,La CIN est expire
822375,ait-bella saadia,ait-bella-saadia822375@gmail.com,$2y$10$heUU2ZIGDhSCpjnITxAL6Of4.vXVfjIoSPzozHOdgwbSNdqUeFis.,3f7cdabe3af8e528bf561afce15d79c6,TRUE,TRUE,0,0,La CIN est expire
897227,sefrioui karim,sefrioui-karim897227@gmail.com,$2y$10$gYP53QXxYhJq.3VgUvvfQOY72m/Qi8UWQ46JTkPYvI4ORvbJV.Hbu,6433d1b0e81df7bba12e4c956a5da310,TRUE,TRUE,1,1,
538620,sawando fatima,sawando-fatima538620@gmail.com,$2y$10$yWHBDkEQHhyYQodPyZC1d.UWU63jUaZRpTkrHMiCAlP.VAu7FIUAC,00f42b0b1ab177c964ab8c881d8f81de,FALSE,TRUE,0,0,La CIN est expire
481528,ait-ali amine,ait-ali-amine481528@gmail.com,$2y$10$tQt8D/l7cS1zqxXpQqpXnu3s5QmcCodKJb8Sx9yLJC.Oq/OLVgUTK,0b923325abb4f90cae676bd25912c35b,TRUE,FALSE,0,0,
579144,ait-ali amine,ait-ali-amine579144@gmail.com,$2y$10$dJYYFkL4cuqkRYVRl4bGQ.efP739CLs7miKTiAp2gEKujnjBk4UWS,7e4e3277267d94013911b1dd05cd161b,FALSE,TRUE,1,1,
478324,boughal ali,boughal-ali478324@gmail.com,$2y$10$jHjiXLfHrVrHJBg/RyAMDeiSY01CfVoZVdDG1OHnPg9x8d6U.JJCy,2ac8c2d694351c4ef3f1c29ce2049c68,FALSE,TRUE,2,0,La CIN est expire
135126,sawando fatima,sawando-fatima135126@gmail.com,$2y$10$S7Mi66TzKrDr1ltmai.wR.LGLxV68pBt.OZ08T1SlRchSuFyobYRu,a5ee11f076da75415a31280cee98ac87,TRUE,TRUE,1,1,
254011,sawando fatima,sawando-fatima254011@gmail.com,$2y$10$W5baZ9/6QKi8jmQbJOzY3OK/DqQF7c1RaxIMEF/gaQpwUjgK4UUJ2,7c8b9426c5a89ba081fc70ed650952f1,TRUE,TRUE,0,0,Les documents importes sont invisibles
773399,dani brahim,dani-brahim773399@gmail.com,$2y$10$gDmIodyIFXwTpTVu7YbO8.6wKdtlO4HkbuUVg986lEYtjgEH9pZbu,d40ed04c144616cafcc8d7628dfb9212,FALSE,FALSE,0,0,
343358,boughal ali,boughal-ali343358@gmail.com,$2y$10$mIYb/ogtcyfZ.C2640jOt.Hv6YeVf6sn7DHGFWLDaHpOGOBtiFMoW,3c43728e09dd12314b251055e5fe3057,FALSE,FALSE,0,0,
763208,dani brahim,dani-brahim763208@gmail.com,$2y$10$Hq2yZO2CvB/CGcvZzsZuOOzMCWPCtslmwtGoRlY0McRVBZD2ufQlW,1e599c79cf57016dbbb270df25ce85b3,TRUE,TRUE,2,0,La date de votre baccalaureat n'est pas accepte
901408,dani brahim,dani-brahim901408@gmail.com,$2y$10$dZZw5kACDlvvrBRKSINju.hpR53PksjvV6U94ZCx6DLwfm2Z7.un2,676369d6d563426a77a07d3e67446f77,TRUE,TRUE,2,0,La CIN est expire
440425,boughal ali,boughal-ali440425@gmail.com,$2y$10$k58.Nosy6NsAtIA878krxuLZMqkHc54vSu6myCpBxn2FzdlD4sc9O,c26faf31fac2646676848ebb58260d24,FALSE,TRUE,2,0,La date de votre baccalaureat n'est pas accepte
95519,laachari ousamma,laachari-ousamma95519@gmail.com,$2y$10$3bCWPeW0BCnLT0p1s5EpbupjqKuXT59YIS7TvRXJHZzc5EIpNA1v2,1c383526dc95d83e7d05c5ea51a9f185,FALSE,FALSE,0,0,
914499,laachari ousamma,laachari-ousamma914499@gmail.com,$2y$10$JnQ3Do2USIOlr8B9p1rA5Oj4j.RTb/YMi/ofys8003Tmy8gEpA/gS,4a447fa0819e4b3e6dcbc7dad6c83670,FALSE,TRUE,2,0,La CIN est expire
884015,sawando fatima,sawando-fatima884015@gmail.com,$2y$10$1OyymwzFRh9pZWZ4S12IL.YB.tvtpdr4JDOQItpXX3QwJaHN5MrB.,f1c93059446035cea595d507ad82b8a4,TRUE,TRUE,0,0,La date de votre baccalaureat n'est pas accepte
417417,sawando fatima,sawando-fatima417417@gmail.com,$2y$10$NEC0mYPRxD9CJ5RDcx4hKuhjnj/M5cwF22j3g1oAdV3ejnrrHuMAO,c0457d4d41157ff6dc4f2d205488bf59,FALSE,FALSE,0,0,
891338,bohboh hanane,bohboh-hanane891338@gmail.com,$2y$10$IjxqC9MTyJDojbFe/1HSN.Au0xOhO0QQMD5GEFYigGrbRequSEmiK,5b6fa0946da5343f9fb8c6c000ef6cb4,FALSE,FALSE,0,0,
144067,sawando fatima,sawando-fatima144067@gmail.com,$2y$10$.JDqYBMaLgqc36f059OnUetSLCpCOQ3JP4AB6phvHw5S3mVUquijy,f35ce8e58c511c30cb1d4b50dd1849d8,TRUE,TRUE,2,0,La date de votre baccalaureat n'est pas accepte
117489,ait-cheikh souad,ait-cheikh-souad117489@gmail.com,$2y$10$Ab6m.BDQCBwAxdy2RdKV7.g55iICnaaY0032mAJPK7ZAMKD0VG/TS,9053b69146ba9ac465e3c8c09798b178,TRUE,FALSE,0,0,
899363,sefrioui karim,sefrioui-karim899363@gmail.com,$2y$10$WCnfa9AGD9SQgWEAaRIRJeZeSf1elx2B5P8xMaP2mr2TQA1VfknPu,8cf361a7dce1851284b9eb27e57f41c8,FALSE,FALSE,0,0,
723203,wakaha ahmed,wakaha-ahmed723203@gmail.com,$2y$10$5hOE/FElpBS7nKGspkb5CephTlsjQblUR6AGfsD8hnsXFz/fK6bXG,e30b06b8d0655f73a2e69f6a5673903c,FALSE,FALSE,0,0,
412656,wakaha ahmed,wakaha-ahmed412656@gmail.com,$2y$10$CAGnvY.MkhKpBkBzGclyue2kGOOoBgDd6obTPrwjREpRpEBchE5SO,eb78289faa523863a82b2687abf20d2e,FALSE,TRUE,1,1,
608682,bohboh hanane,bohboh-hanane608682@gmail.com,$2y$10$M6/pEX8Ig.eHJjCqHaKwZO.7UC/chCwc4/XlGv30UcdwD/f4IaGDi,dbb475695f6c84cba75a728a91f7913a,FALSE,TRUE,2,0,La CIN est expire
454919,sefrioui karim,sefrioui-karim454919@gmail.com,$2y$10$8SZpX3CekFwmcUN0vqMTkeVSHpFTVeoY3MEfrHR8iTb1r1qVf8Mqm,8ea2809970efa35ad37df5b9133f00c2,FALSE,TRUE,2,0,Les documents importes sont invisibles
947943,farfaoua mohamed,farfaoua-mohamed947943@gmail.com,$2y$10$4PbIgQtgO8d82QgVesVcGuOsyBu.YLKmOEq7vXXEWrUKjomGcwvvu,51c60e67d3f9cc46a70e164a7a5f9335,FALSE,TRUE,1,1,
727994,dani brahim,dani-brahim727994@gmail.com,$2y$10$rL76Wga1ip/fFZrTajfsWOTWkRZF4amzWsOkwB9zVQu5HQFfYapPq,62f8b9a9be856c0962a9a5f73edd46e2,TRUE,FALSE,0,0,
241317,sawando fatima,sawando-fatima241317@gmail.com,$2y$10$BUuFYGXSbpEfpeZACN.H4uENskqES73VgkEr/k72h79m1.IvZjibW,d48d43208db33fc125f486eea9ee0827,FALSE,TRUE,1,1,
571118,boughal ali,boughal-ali571118@gmail.com,$2y$10$./MfM5t9YjDRaIZQNThAyOlCOWKUh6xdM8kzZuCpi5JkXWea31xsu,2e80d4ca2064604dc95311e18aa69cbb,FALSE,TRUE,0,0,La CIN est expire
708709,wakaha ahmed,wakaha-ahmed708709@gmail.com,$2y$10$UUB5/DHAvL37a2EqvHnFxOV/Gt4Sz.7IuuySjO6MWMbU64MdKx3RO,0cb7350c8669d69405dfc05f4a211482,TRUE,TRUE,2,0,La CIN est expire
895976,sefrioui karim,sefrioui-karim895976@gmail.com,$2y$10$E2QTMsxWToZP.nmYcm8FOeF2PKPH5YY/n9mx.cQjgKDB78vz5hApS,d52cb9023b36b933348c53811427ef47,TRUE,FALSE,0,0,
729703,sefrioui karim,sefrioui-karim729703@gmail.com,$2y$10$HTspLI4L8BS3FUsNHxAVqO2.0G94upDgtPaRlpqC76ngOzFffMHKG,3fcb5ff95f1a99eab1921478009eaaed,FALSE,TRUE,0,0,Les documents importes sont invisibles
793936,ait-ouali meryem,ait-ouali-meryem793936@gmail.com,$2y$10$xz/o5.syPP8w1Yh9iTHKsOlJUVc80ayP0Lchn/f.75rvYySFDPuWe,c6037afc13fb36841ced2c54c504dfd5,TRUE,FALSE,0,0,
844437,farfaoua mohamed,farfaoua-mohamed844437@gmail.com,$2y$10$52.xvHi1JBwT0YTvCxt3lOQjEmMYqi/bPHLYdSbRpWwIHdcbg8Yzq,ed8c916ef84f6c793ad2c28e0dd7a9b7,FALSE,FALSE,0,0,
