docs_name,user_id,docs_type,docs_ssize
../docs/74738_cin.png,74738,CIN,1307314
../docs/74738_bac.png,74738,Baccalaureat,1246276
../docs/74738_a_r.png,74738,"Attestation de reussite",1307314
../docs/74738_photo.jpg,74738,"Photo d'identite",24876
../docs/224717_cin.png,224717,CIN,1307314
../docs/224717_bac.png,224717,Baccalaureat,1246276
../docs/224717_a_r.png,224717,"Attestation de reussite",1307314
../docs/224717_photo.jpg,224717,"Photo d'identite",24876
../docs/273296_cin.png,273296,CIN,1307314
../docs/273296_bac.png,273296,Baccalaureat,1246276
../docs/273296_a_r.png,273296,"Attestation de reussite",1307314
../docs/273296_photo.jpg,273296,"Photo d'identite",24876
../docs/86700_cin.png,86700,CIN,1307314
../docs/86700_bac.png,86700,Baccalaureat,1246276
../docs/86700_a_r.png,86700,"Attestation de reussite",1307314
../docs/86700_photo.jpg,86700,"Photo d'identite",24876
../docs/59145_cin.png,59145,CIN,1307314
../docs/59145_bac.png,59145,Baccalaureat,1246276
../docs/59145_a_r.png,59145,"Attestation de reussite",1307314
../docs/59145_photo.jpg,59145,"Photo d'identite",24876
../docs/795126_cin.png,795126,CIN,1307314
../docs/795126_bac.png,795126,Baccalaureat,1246276
../docs/795126_a_r.png,795126,"Attestation de reussite",1307314
../docs/795126_photo.jpg,795126,"Photo d'identite",24876
../docs/139521_cin.png,139521,CIN,1307314
../docs/139521_bac.png,139521,Baccalaureat,1246276
../docs/139521_a_r.png,139521,"Attestation de reussite",1307314
../docs/139521_photo.jpg,139521,"Photo d'identite",24876
../docs/597391_cin.png,597391,CIN,1307314
../docs/597391_bac.png,597391,Baccalaureat,1246276
../docs/597391_a_r.png,597391,"Attestation de reussite",1307314
../docs/597391_photo.jpg,597391,"Photo d'identite",24876
../docs/275737_cin.png,275737,CIN,1307314
../docs/275737_bac.png,275737,Baccalaureat,1246276
../docs/275737_a_r.png,275737,"Attestation de reussite",1307314
../docs/275737_photo.jpg,275737,"Photo d'identite",24876
../docs/487600_cin.png,487600,CIN,1307314
../docs/487600_bac.png,487600,Baccalaureat,1246276
../docs/487600_a_r.png,487600,"Attestation de reussite",1307314
../docs/487600_photo.jpg,487600,"Photo d'identite",24876
../docs/894542_cin.png,894542,CIN,1307314
../docs/894542_bac.png,894542,Baccalaureat,1246276
../docs/894542_a_r.png,894542,"Attestation de reussite",1307314
../docs/894542_photo.jpg,894542,"Photo d'identite",24876
../docs/246016_cin.png,246016,CIN,1307314
../docs/246016_bac.png,246016,Baccalaureat,1246276
../docs/246016_a_r.png,246016,"Attestation de reussite",1307314
../docs/246016_photo.jpg,246016,"Photo d'identite",24876
../docs/760827_cin.png,760827,CIN,1307314
../docs/760827_bac.png,760827,Baccalaureat,1246276
../docs/760827_a_r.png,760827,"Attestation de reussite",1307314
../docs/760827_photo.jpg,760827,"Photo d'identite",24876
../docs/124263_cin.png,124263,CIN,1307314
../docs/124263_bac.png,124263,Baccalaureat,1246276
../docs/124263_a_r.png,124263,"Attestation de reussite",1307314
../docs/124263_photo.jpg,124263,"Photo d'identite",24876
../docs/676699_cin.png,676699,CIN,1307314
../docs/676699_bac.png,676699,Baccalaureat,1246276
../docs/676699_a_r.png,676699,"Attestation de reussite",1307314
../docs/676699_photo.jpg,676699,"Photo d'identite",24876
../docs/961308_cin.png,961308,CIN,1307314
../docs/961308_bac.png,961308,Baccalaureat,1246276
../docs/961308_a_r.png,961308,"Attestation de reussite",1307314
../docs/961308_photo.jpg,961308,"Photo d'identite",24876
../docs/361117_cin.png,361117,CIN,1307314
../docs/361117_bac.png,361117,Baccalaureat,1246276
../docs/361117_a_r.png,361117,"Attestation de reussite",1307314
../docs/361117_photo.jpg,361117,"Photo d'identite",24876
../docs/494069_cin.png,494069,CIN,1307314
../docs/494069_bac.png,494069,Baccalaureat,1246276
../docs/494069_a_r.png,494069,"Attestation de reussite",1307314
../docs/494069_photo.jpg,494069,"Photo d'identite",24876
../docs/149712_cin.png,149712,CIN,1307314
../docs/149712_bac.png,149712,Baccalaureat,1246276
../docs/149712_a_r.png,149712,"Attestation de reussite",1307314
../docs/149712_photo.jpg,149712,"Photo d'identite",24876
../docs/810505_cin.png,810505,CIN,1307314
../docs/810505_bac.png,810505,Baccalaureat,1246276
../docs/810505_a_r.png,810505,"Attestation de reussite",1307314
../docs/810505_photo.jpg,810505,"Photo d'identite",24876
../docs/379640_cin.png,379640,CIN,1307314
../docs/379640_bac.png,379640,Baccalaureat,1246276
../docs/379640_a_r.png,379640,"Attestation de reussite",1307314
../docs/379640_photo.jpg,379640,"Photo d'identite",24876
../docs/867659_cin.png,867659,CIN,1307314
../docs/867659_bac.png,867659,Baccalaureat,1246276
../docs/867659_a_r.png,867659,"Attestation de reussite",1307314
../docs/867659_photo.jpg,867659,"Photo d'identite",24876
../docs/383088_cin.png,383088,CIN,1307314
../docs/383088_bac.png,383088,Baccalaureat,1246276
../docs/383088_a_r.png,383088,"Attestation de reussite",1307314
../docs/383088_photo.jpg,383088,"Photo d'identite",24876
../docs/453149_cin.png,453149,CIN,1307314
../docs/453149_bac.png,453149,Baccalaureat,1246276
../docs/453149_a_r.png,453149,"Attestation de reussite",1307314
../docs/453149_photo.jpg,453149,"Photo d'identite",24876
../docs/128139_cin.png,128139,CIN,1307314
../docs/128139_bac.png,128139,Baccalaureat,1246276
../docs/128139_a_r.png,128139,"Attestation de reussite",1307314
../docs/128139_photo.jpg,128139,"Photo d'identite",24876
../docs/738460_cin.png,738460,CIN,1307314
../docs/738460_bac.png,738460,Baccalaureat,1246276
../docs/738460_a_r.png,738460,"Attestation de reussite",1307314
../docs/738460_photo.jpg,738460,"Photo d'identite",24876
../docs/540634_cin.png,540634,CIN,1307314
../docs/540634_bac.png,540634,Baccalaureat,1246276
../docs/540634_a_r.png,540634,"Attestation de reussite",1307314
../docs/540634_photo.jpg,540634,"Photo d'identite",24876
../docs/898112_cin.png,898112,CIN,1307314
../docs/898112_bac.png,898112,Baccalaureat,1246276
../docs/898112_a_r.png,898112,"Attestation de reussite",1307314
../docs/898112_photo.jpg,898112,"Photo d'identite",24876
../docs/741298_cin.png,741298,CIN,1307314
../docs/741298_bac.png,741298,Baccalaureat,1246276
../docs/741298_a_r.png,741298,"Attestation de reussite",1307314
../docs/741298_photo.jpg,741298,"Photo d'identite",24876
../docs/26617_cin.png,26617,CIN,1307314
../docs/26617_bac.png,26617,Baccalaureat,1246276
../docs/26617_a_r.png,26617,"Attestation de reussite",1307314
../docs/26617_photo.jpg,26617,"Photo d'identite",24876
../docs/454065_cin.png,454065,CIN,1307314
../docs/454065_bac.png,454065,Baccalaureat,1246276
../docs/454065_a_r.png,454065,"Attestation de reussite",1307314
../docs/454065_photo.jpg,454065,"Photo d'identite",24876
../docs/655613_cin.png,655613,CIN,1307314
../docs/655613_bac.png,655613,Baccalaureat,1246276
../docs/655613_a_r.png,655613,"Attestation de reussite",1307314
../docs/655613_photo.jpg,655613,"Photo d'identite",24876
../docs/299478_cin.png,299478,CIN,1307314
../docs/299478_bac.png,299478,Baccalaureat,1246276
../docs/299478_a_r.png,299478,"Attestation de reussite",1307314
../docs/299478_photo.jpg,299478,"Photo d'identite",24876
../docs/973880_cin.png,973880,CIN,1307314
../docs/973880_bac.png,973880,Baccalaureat,1246276
../docs/973880_a_r.png,973880,"Attestation de reussite",1307314
../docs/973880_photo.jpg,973880,"Photo d'identite",24876
../docs/580212_cin.png,580212,CIN,1307314
../docs/580212_bac.png,580212,Baccalaureat,1246276
../docs/580212_a_r.png,580212,"Attestation de reussite",1307314
../docs/580212_photo.jpg,580212,"Photo d'identite",24876
../docs/748805_cin.png,748805,CIN,1307314
../docs/748805_bac.png,748805,Baccalaureat,1246276
../docs/748805_a_r.png,748805,"Attestation de reussite",1307314
../docs/748805_photo.jpg,748805,"Photo d'identite",24876
../docs/579724_cin.png,579724,CIN,1307314
../docs/579724_bac.png,579724,Baccalaureat,1246276
../docs/579724_a_r.png,579724,"Attestation de reussite",1307314
../docs/579724_photo.jpg,579724,"Photo d'identite",24876
../docs/867445_cin.png,867445,CIN,1307314
../docs/867445_bac.png,867445,Baccalaureat,1246276
../docs/867445_a_r.png,867445,"Attestation de reussite",1307314
../docs/867445_photo.jpg,867445,"Photo d'identite",24876
../docs/180746_cin.png,180746,CIN,1307314
../docs/180746_bac.png,180746,Baccalaureat,1246276
../docs/180746_a_r.png,180746,"Attestation de reussite",1307314
../docs/180746_photo.jpg,180746,"Photo d'identite",24876
../docs/426662_cin.png,426662,CIN,1307314
../docs/426662_bac.png,426662,Baccalaureat,1246276
../docs/426662_a_r.png,426662,"Attestation de reussite",1307314
../docs/426662_photo.jpg,426662,"Photo d'identite",24876
../docs/414182_cin.png,414182,CIN,1307314
../docs/414182_bac.png,414182,Baccalaureat,1246276
../docs/414182_a_r.png,414182,"Attestation de reussite",1307314
../docs/414182_photo.jpg,414182,"Photo d'identite",24876
../docs/140863_cin.png,140863,CIN,1307314
../docs/140863_bac.png,140863,Baccalaureat,1246276
../docs/140863_a_r.png,140863,"Attestation de reussite",1307314
../docs/140863_photo.jpg,140863,"Photo d'identite",24876
../docs/974521_cin.png,974521,CIN,1307314
../docs/974521_bac.png,974521,Baccalaureat,1246276
../docs/974521_a_r.png,974521,"Attestation de reussite",1307314
../docs/974521_photo.jpg,974521,"Photo d'identite",24876
../docs/200641_cin.png,200641,CIN,1307314
../docs/200641_bac.png,200641,Baccalaureat,1246276
../docs/200641_a_r.png,200641,"Attestation de reussite",1307314
../docs/200641_photo.jpg,200641,"Photo d'identite",24876
../docs/307412_cin.png,307412,CIN,1307314
../docs/307412_bac.png,307412,Baccalaureat,1246276
../docs/307412_a_r.png,307412,"Attestation de reussite",1307314
../docs/307412_photo.jpg,307412,"Photo d'identite",24876
../docs/545822_cin.png,545822,CIN,1307314
../docs/545822_bac.png,545822,Baccalaureat,1246276
../docs/545822_a_r.png,545822,"Attestation de reussite",1307314
../docs/545822_photo.jpg,545822,"Photo d'identite",24876
../docs/231430_cin.png,231430,CIN,1307314
../docs/231430_bac.png,231430,Baccalaureat,1246276
../docs/231430_a_r.png,231430,"Attestation de reussite",1307314
../docs/231430_photo.jpg,231430,"Photo d'identite",24876
../docs/776054_cin.png,776054,CIN,1307314
../docs/776054_bac.png,776054,Baccalaureat,1246276
../docs/776054_a_r.png,776054,"Attestation de reussite",1307314
../docs/776054_photo.jpg,776054,"Photo d'identite",24876
../docs/404417_cin.png,404417,CIN,1307314
../docs/404417_bac.png,404417,Baccalaureat,1246276
../docs/404417_a_r.png,404417,"Attestation de reussite",1307314
../docs/404417_photo.jpg,404417,"Photo d'identite",24876
../docs/346104_cin.png,346104,CIN,1307314
../docs/346104_bac.png,346104,Baccalaureat,1246276
../docs/346104_a_r.png,346104,"Attestation de reussite",1307314
../docs/346104_photo.jpg,346104,"Photo d'identite",24876
../docs/701294_cin.png,701294,CIN,1307314
../docs/701294_bac.png,701294,Baccalaureat,1246276
../docs/701294_a_r.png,701294,"Attestation de reussite",1307314
../docs/701294_photo.jpg,701294,"Photo d'identite",24876
../docs/486227_cin.png,486227,CIN,1307314
../docs/486227_bac.png,486227,Baccalaureat,1246276
../docs/486227_a_r.png,486227,"Attestation de reussite",1307314
../docs/486227_photo.jpg,486227,"Photo d'identite",24876
../docs/462029_cin.png,462029,CIN,1307314
../docs/462029_bac.png,462029,Baccalaureat,1246276
../docs/462029_a_r.png,462029,"Attestation de reussite",1307314
../docs/462029_photo.jpg,462029,"Photo d'identite",24876
../docs/97563_cin.png,97563,CIN,1307314
../docs/97563_bac.png,97563,Baccalaureat,1246276
../docs/97563_a_r.png,97563,"Attestation de reussite",1307314
../docs/97563_photo.jpg,97563,"Photo d'identite",24876
../docs/919045_cin.png,919045,CIN,1307314
../docs/919045_bac.png,919045,Baccalaureat,1246276
../docs/919045_a_r.png,919045,"Attestation de reussite",1307314
../docs/919045_photo.jpg,919045,"Photo d'identite",24876
../docs/404112_cin.png,404112,CIN,1307314
../docs/404112_bac.png,404112,Baccalaureat,1246276
../docs/404112_a_r.png,404112,"Attestation de reussite",1307314
../docs/404112_photo.jpg,404112,"Photo d'identite",24876
../docs/170279_cin.png,170279,CIN,1307314
../docs/170279_bac.png,170279,Baccalaureat,1246276
../docs/170279_a_r.png,170279,"Attestation de reussite",1307314
../docs/170279_photo.jpg,170279,"Photo d'identite",24876
../docs/414152_cin.png,414152,CIN,1307314
../docs/414152_bac.png,414152,Baccalaureat,1246276
../docs/414152_a_r.png,414152,"Attestation de reussite",1307314
../docs/414152_photo.jpg,414152,"Photo d'identite",24876
../docs/492238_cin.png,492238,CIN,1307314
../docs/492238_bac.png,492238,Baccalaureat,1246276
../docs/492238_a_r.png,492238,"Attestation de reussite",1307314
../docs/492238_photo.jpg,492238,"Photo d'identite",24876
../docs/753473_cin.png,753473,CIN,1307314
../docs/753473_bac.png,753473,Baccalaureat,1246276
../docs/753473_a_r.png,753473,"Attestation de reussite",1307314
../docs/753473_photo.jpg,753473,"Photo d'identite",24876
../docs/813984_cin.png,813984,CIN,1307314
../docs/813984_bac.png,813984,Baccalaureat,1246276
../docs/813984_a_r.png,813984,"Attestation de reussite",1307314
../docs/813984_photo.jpg,813984,"Photo d'identite",24876
../docs/561598_cin.png,561598,CIN,1307314
../docs/561598_bac.png,561598,Baccalaureat,1246276
../docs/561598_a_r.png,561598,"Attestation de reussite",1307314
../docs/561598_photo.jpg,561598,"Photo d'identite",24876
../docs/479544_cin.png,479544,CIN,1307314
../docs/479544_bac.png,479544,Baccalaureat,1246276
../docs/479544_a_r.png,479544,"Attestation de reussite",1307314
../docs/479544_photo.jpg,479544,"Photo d'identite",24876
../docs/691193_cin.png,691193,CIN,1307314
../docs/691193_bac.png,691193,Baccalaureat,1246276
../docs/691193_a_r.png,691193,"Attestation de reussite",1307314
../docs/691193_photo.jpg,691193,"Photo d'identite",24876
../docs/41691_cin.png,41691,CIN,1307314
../docs/41691_bac.png,41691,Baccalaureat,1246276
../docs/41691_a_r.png,41691,"Attestation de reussite",1307314
../docs/41691_photo.jpg,41691,"Photo d'identite",24876
../docs/801595_cin.png,801595,CIN,1307314
../docs/801595_bac.png,801595,Baccalaureat,1246276
../docs/801595_a_r.png,801595,"Attestation de reussite",1307314
../docs/801595_photo.jpg,801595,"Photo d'identite",24876
../docs/822375_cin.png,822375,CIN,1307314
../docs/822375_bac.png,822375,Baccalaureat,1246276
../docs/822375_a_r.png,822375,"Attestation de reussite",1307314
../docs/822375_photo.jpg,822375,"Photo d'identite",24876
../docs/897227_cin.png,897227,CIN,1307314
../docs/897227_bac.png,897227,Baccalaureat,1246276
../docs/897227_a_r.png,897227,"Attestation de reussite",1307314
../docs/897227_photo.jpg,897227,"Photo d'identite",24876
../docs/538620_cin.png,538620,CIN,1307314
../docs/538620_bac.png,538620,Baccalaureat,1246276
../docs/538620_a_r.png,538620,"Attestation de reussite",1307314
../docs/538620_photo.jpg,538620,"Photo d'identite",24876
../docs/481528_cin.png,481528,CIN,1307314
../docs/481528_bac.png,481528,Baccalaureat,1246276
../docs/481528_a_r.png,481528,"Attestation de reussite",1307314
../docs/481528_photo.jpg,481528,"Photo d'identite",24876
../docs/579144_cin.png,579144,CIN,1307314
../docs/579144_bac.png,579144,Baccalaureat,1246276
../docs/579144_a_r.png,579144,"Attestation de reussite",1307314
../docs/579144_photo.jpg,579144,"Photo d'identite",24876
../docs/478324_cin.png,478324,CIN,1307314
../docs/478324_bac.png,478324,Baccalaureat,1246276
../docs/478324_a_r.png,478324,"Attestation de reussite",1307314
../docs/478324_photo.jpg,478324,"Photo d'identite",24876
../docs/135126_cin.png,135126,CIN,1307314
../docs/135126_bac.png,135126,Baccalaureat,1246276
../docs/135126_a_r.png,135126,"Attestation de reussite",1307314
../docs/135126_photo.jpg,135126,"Photo d'identite",24876
../docs/254011_cin.png,254011,CIN,1307314
../docs/254011_bac.png,254011,Baccalaureat,1246276
../docs/254011_a_r.png,254011,"Attestation de reussite",1307314
../docs/254011_photo.jpg,254011,"Photo d'identite",24876
../docs/773399_cin.png,773399,CIN,1307314
../docs/773399_bac.png,773399,Baccalaureat,1246276
../docs/773399_a_r.png,773399,"Attestation de reussite",1307314
../docs/773399_photo.jpg,773399,"Photo d'identite",24876
../docs/343358_cin.png,343358,CIN,1307314
../docs/343358_bac.png,343358,Baccalaureat,1246276
../docs/343358_a_r.png,343358,"Attestation de reussite",1307314
../docs/343358_photo.jpg,343358,"Photo d'identite",24876
../docs/763208_cin.png,763208,CIN,1307314
../docs/763208_bac.png,763208,Baccalaureat,1246276
../docs/763208_a_r.png,763208,"Attestation de reussite",1307314
../docs/763208_photo.jpg,763208,"Photo d'identite",24876
../docs/901408_cin.png,901408,CIN,1307314
../docs/901408_bac.png,901408,Baccalaureat,1246276
../docs/901408_a_r.png,901408,"Attestation de reussite",1307314
../docs/901408_photo.jpg,901408,"Photo d'identite",24876
../docs/440425_cin.png,440425,CIN,1307314
../docs/440425_bac.png,440425,Baccalaureat,1246276
../docs/440425_a_r.png,440425,"Attestation de reussite",1307314
../docs/440425_photo.jpg,440425,"Photo d'identite",24876
../docs/95519_cin.png,95519,CIN,1307314
../docs/95519_bac.png,95519,Baccalaureat,1246276
../docs/95519_a_r.png,95519,"Attestation de reussite",1307314
../docs/95519_photo.jpg,95519,"Photo d'identite",24876
../docs/914499_cin.png,914499,CIN,1307314
../docs/914499_bac.png,914499,Baccalaureat,1246276
../docs/914499_a_r.png,914499,"Attestation de reussite",1307314
../docs/914499_photo.jpg,914499,"Photo d'identite",24876
../docs/884015_cin.png,884015,CIN,1307314
../docs/884015_bac.png,884015,Baccalaureat,1246276
../docs/884015_a_r.png,884015,"Attestation de reussite",1307314
../docs/884015_photo.jpg,884015,"Photo d'identite",24876
../docs/417417_cin.png,417417,CIN,1307314
../docs/417417_bac.png,417417,Baccalaureat,1246276
../docs/417417_a_r.png,417417,"Attestation de reussite",1307314
../docs/417417_photo.jpg,417417,"Photo d'identite",24876
../docs/891338_cin.png,891338,CIN,1307314
../docs/891338_bac.png,891338,Baccalaureat,1246276
../docs/891338_a_r.png,891338,"Attestation de reussite",1307314
../docs/891338_photo.jpg,891338,"Photo d'identite",24876
../docs/144067_cin.png,144067,CIN,1307314
../docs/144067_bac.png,144067,Baccalaureat,1246276
../docs/144067_a_r.png,144067,"Attestation de reussite",1307314
../docs/144067_photo.jpg,144067,"Photo d'identite",24876
../docs/117489_cin.png,117489,CIN,1307314
../docs/117489_bac.png,117489,Baccalaureat,1246276
../docs/117489_a_r.png,117489,"Attestation de reussite",1307314
../docs/117489_photo.jpg,117489,"Photo d'identite",24876
../docs/899363_cin.png,899363,CIN,1307314
../docs/899363_bac.png,899363,Baccalaureat,1246276
../docs/899363_a_r.png,899363,"Attestation de reussite",1307314
../docs/899363_photo.jpg,899363,"Photo d'identite",24876
../docs/723203_cin.png,723203,CIN,1307314
../docs/723203_bac.png,723203,Baccalaureat,1246276
../docs/723203_a_r.png,723203,"Attestation de reussite",1307314
../docs/723203_photo.jpg,723203,"Photo d'identite",24876
../docs/412656_cin.png,412656,CIN,1307314
../docs/412656_bac.png,412656,Baccalaureat,1246276
../docs/412656_a_r.png,412656,"Attestation de reussite",1307314
../docs/412656_photo.jpg,412656,"Photo d'identite",24876
../docs/608682_cin.png,608682,CIN,1307314
../docs/608682_bac.png,608682,Baccalaureat,1246276
../docs/608682_a_r.png,608682,"Attestation de reussite",1307314
../docs/608682_photo.jpg,608682,"Photo d'identite",24876
../docs/454919_cin.png,454919,CIN,1307314
../docs/454919_bac.png,454919,Baccalaureat,1246276
../docs/454919_a_r.png,454919,"Attestation de reussite",1307314
../docs/454919_photo.jpg,454919,"Photo d'identite",24876
../docs/947943_cin.png,947943,CIN,1307314
../docs/947943_bac.png,947943,Baccalaureat,1246276
../docs/947943_a_r.png,947943,"Attestation de reussite",1307314
../docs/947943_photo.jpg,947943,"Photo d'identite",24876
../docs/727994_cin.png,727994,CIN,1307314
../docs/727994_bac.png,727994,Baccalaureat,1246276
../docs/727994_a_r.png,727994,"Attestation de reussite",1307314
../docs/727994_photo.jpg,727994,"Photo d'identite",24876
../docs/241317_cin.png,241317,CIN,1307314
../docs/241317_bac.png,241317,Baccalaureat,1246276
../docs/241317_a_r.png,241317,"Attestation de reussite",1307314
../docs/241317_photo.jpg,241317,"Photo d'identite",24876
../docs/571118_cin.png,571118,CIN,1307314
../docs/571118_bac.png,571118,Baccalaureat,1246276
../docs/571118_a_r.png,571118,"Attestation de reussite",1307314
../docs/571118_photo.jpg,571118,"Photo d'identite",24876
../docs/708709_cin.png,708709,CIN,1307314
../docs/708709_bac.png,708709,Baccalaureat,1246276
../docs/708709_a_r.png,708709,"Attestation de reussite",1307314
../docs/708709_photo.jpg,708709,"Photo d'identite",24876
../docs/895976_cin.png,895976,CIN,1307314
../docs/895976_bac.png,895976,Baccalaureat,1246276
../docs/895976_a_r.png,895976,"Attestation de reussite",1307314
../docs/895976_photo.jpg,895976,"Photo d'identite",24876
../docs/729703_cin.png,729703,CIN,1307314
../docs/729703_bac.png,729703,Baccalaureat,1246276
../docs/729703_a_r.png,729703,"Attestation de reussite",1307314
../docs/729703_photo.jpg,729703,"Photo d'identite",24876
../docs/793936_cin.png,793936,CIN,1307314
../docs/793936_bac.png,793936,Baccalaureat,1246276
../docs/793936_a_r.png,793936,"Attestation de reussite",1307314
../docs/793936_photo.jpg,793936,"Photo d'identite",24876
../docs/844437_cin.png,844437,CIN,1307314
../docs/844437_bac.png,844437,Baccalaureat,1246276
../docs/844437_a_r.png,844437,"Attestation de reussite",1307314
../docs/844437_photo.jpg,844437,"Photo d'identite",24876
